{"cameraMode":{"drawMode":0,"name":"Shaded","section":"Shading Mode"},"sceneLighting":true,"audioPlay":false,"sceneViewState":{"m_AlwaysRefresh":false,"showFog":true,"showSkybox":true,"showFlares":true,"showImageEffects":true,"showParticleSystems":true,"showVisualEffectGraphs":true,"m_FxEnabled":true},"in2DMode":false,"pivot":{"x":-97.29832458496094,"y":24.500043869018556,"z":128.462646484375},"rotation":{"x":0.033036891371011737,"y":0.7759253978729248,"z":-0.040788326412439349,"w":0.6287931203842163},"size":127.00308990478516,"orthographic":false}