{"cameraMode":{"drawMode":0,"name":"Shaded","section":"Shading Mode"},"sceneLighting":true,"audioPlay":false,"sceneViewState":{"m_AlwaysRefresh":false,"showFog":true,"showSkybox":true,"showFlares":true,"showImageEffects":true,"showParticleSystems":true,"showVisualEffectGraphs":true,"m_FxEnabled":true},"in2DMode":false,"pivot":{"x":15.823692321777344,"y":16.557863235473634,"z":35.0223388671875},"rotation":{"x":0.0014037492219358683,"y":-0.9979950785636902,"z":0.02306627668440342,"w":0.0610915832221508},"size":216.79617309570313,"orthographic":false}